{"Melbourne Central": [-37.809992, 144.9628], "China Town": [-37.811708, 144.967635], "St Paul's Cathedral": [-37.8170247,144.9654983], "Eureka Tower": [-37.821268, 144.964926], "Flinders Station": [-37.817957, 144.967083], "Parliament House": [-37.810843, 144.97381], "General Post Office": [-37.813395, 144.963356], "Cooks' Cottage": [-37.814208, 144.979495], "State Theatre": [-37.819885, 144.967987], "Shrine Of Remembrance": [-37.830228, 144.973486],"Old Treasury Building": [-37.8131629,144.9721976],"Queen Victoria Market": [-37.8075755,144.9545963],"Royal Exhibition Building": [-37.8046848,144.9694615],"Town Hall": [-37.8150321,144.9581285]}
